Lambda,Sparsity_avg,Sparsity_std,Accuracy_avg,Accuracy_std
2.0,0.8116378386815389,0.0,0.9652777777777778,0.0
0.001,0.8210290686951743,0.0,0.9027777777777778,0.0
